X,Y,month,day,FFMC,DMC,DC,ISI,temp,RH,wind,rain,area,sampleNum
9,9,7,4,93.2,114.4,560.0,9.5,30.2,25,4.5,0.0,1.3217558399823195,479
7,4,7,6,91.6,104.2,474.9,9.0,22.1,49,2.7,0.0,0.0,286
6,5,6,1,90.4,93.3,298.1,7.5,20.7,25,4.9,0.0,0.0,299
6,6,7,1,94.2,62.3,442.9,11.0,23.0,36,3.1,0.0,0.0,46
4,4,3,6,91.7,35.8,80.8,7.8,17.0,27,4.9,0.0,3.389799336709786,213
3,4,8,7,91.8,175.1,700.7,13.8,26.8,38,6.3,0.0,0.5653138090500605,244
2,2,8,4,91.6,248.4,753.8,6.3,20.4,56,2.2,0.0,0.0,424
3,4,8,2,92.1,152.6,658.2,14.3,21.0,32,3.1,0.0,0.0,267
8,6,8,1,92.1,207.0,672.6,8.2,26.8,35,1.3,0.0,0.43178241642553783,435
8,6,9,6,92.5,121.1,674.4,8.6,17.8,56,1.8,0.0,1.0818051703517284,162
5,4,8,7,91.8,175.1,700.7,13.8,25.7,39,5.4,0.0,0.08617769624105233,245
3,4,8,6,91.8,170.9,692.3,13.7,20.6,59,0.9,0.0,0.0,257
4,5,9,6,92.5,88.0,698.6,7.1,20.3,45,3.1,0.0,0.0,107
7,4,8,6,91.8,170.9,692.3,13.7,23.7,40,1.8,0.0,0.8671004876833833,258
6,5,4,4,81.5,9.1,55.2,2.7,5.8,54,5.8,0.0,2.4790562361098245,195
5,4,9,5,92.1,99.0,745.3,9.6,10.1,75,3.6,0.0,1.5496879080283263,349
4,3,7,7,93.7,101.3,423.4,14.7,26.1,45,4.0,0.0,2.1234584270966104,476
4,5,9,2,91.1,132.3,812.1,12.5,15.9,38,5.4,0.0,1.0116009116784799,365
3,5,8,6,93.5,139.4,594.2,20.3,17.6,52,5.8,0.0,0.0,134
6,3,2,7,84.9,27.5,353.5,3.4,4.2,51,4.0,0.0,0.0,281
7,4,8,5,94.8,227.0,706.7,12.0,23.3,34,3.1,0.0,0.0,388
3,4,3,6,91.7,35.8,80.8,7.8,11.6,30,6.3,0.0,0.0,115
7,4,7,7,93.7,101.3,423.4,14.7,18.2,82,4.5,0.0,1.1662709371419244,477
3,4,9,2,84.4,73.4,671.9,3.2,17.9,45,3.1,0.0,0.0,122
8,6,12,3,84.0,27.8,354.6,5.3,5.1,61,8.0,0.0,2.5006159434931803,273
2,5,8,3,95.5,99.9,513.3,13.2,23.8,32,5.4,0.0,0.5709795465857378,143
3,4,3,6,91.7,35.8,80.8,7.8,15.2,27,4.9,0.0,0.0,116
6,3,9,7,91.7,75.6,718.3,7.8,17.7,39,3.6,0.0,0.0,32
3,4,9,7,90.5,96.7,750.5,11.4,20.6,55,5.4,0.0,3.2422016501716975,385
1,4,8,5,90.6,269.8,811.2,5.5,22.2,45,3.6,0.0,0.0,433
7,4,8,7,91.6,181.3,613.0,7.6,19.3,61,4.9,0.0,0.0,448
7,4,9,1,91.6,108.4,764.0,6.2,19.3,44,2.2,0.0,0.0,335
3,4,8,4,91.6,248.4,753.8,6.3,16.8,56,3.1,0.0,0.0,453
1,4,7,2,92.3,96.2,450.2,12.1,23.4,31,5.4,0.0,0.0,408
6,3,8,4,91.6,138.1,621.7,6.3,18.9,41,3.1,0.0,2.428336298299606,253
7,4,9,3,89.7,284.9,844.0,10.1,10.5,77,4.0,0.0,0.0,447
1,2,8,3,92.1,111.2,654.1,9.6,16.6,47,0.9,0.0,0.0,82
6,6,8,1,96.2,175.5,661.8,16.8,23.9,42,2.2,0.0,0.0,494
6,5,9,6,92.2,102.3,751.5,8.4,19.7,35,1.8,0.0,0.0,327
2,5,8,4,95.2,131.7,578.8,10.4,24.2,28,2.7,0.0,2.2700619012884857,190
5,4,7,3,93.7,101.3,458.8,11.9,19.3,39,7.2,0.0,2.166765369851511,379
8,6,8,7,81.6,56.7,665.6,1.9,27.8,35,2.7,0.0,0.0,510
1,2,8,2,94.8,108.3,647.1,17.0,18.6,51,4.5,0.0,0.0,81
6,5,3,4,91.3,20.6,43.5,8.5,13.3,27,3.6,0.0,2.0294631718735947,467
7,4,8,7,81.6,56.7,665.6,1.9,21.2,70,6.7,0.0,2.498151876538021,513
8,6,9,1,91.9,111.7,770.3,6.5,15.7,51,2.2,0.0,0.0,340
4,4,8,6,90.2,96.9,624.2,8.9,18.4,42,6.7,0.0,0.0,40
4,3,8,3,92.1,111.2,654.1,9.6,20.4,42,4.9,0.0,0.0,52
6,5,9,6,91.2,94.3,744.4,8.4,15.4,57,4.9,0.0,3.6975913947159578,374
4,5,3,5,85.9,19.5,57.3,2.8,12.7,52,6.3,0.0,0.0,104
8,6,3,5,91.7,33.3,77.5,9.0,8.3,97,4.0,0.2,0.0,2
2,4,8,3,95.2,217.7,690.0,18.0,30.8,19,4.5,0.0,0.0,420
8,6,8,1,92.3,88.9,495.6,8.5,24.1,27,3.1,0.0,0.0,5
8,6,9,4,93.7,80.9,685.2,17.9,23.7,25,4.5,0.0,0.7514160886839212,148
9,9,7,2,85.8,48.3,313.4,3.9,18.0,42,2.7,0.0,0.3074846997479606,137
6,3,9,1,91.8,78.5,724.3,9.2,21.2,32,2.7,0.0,0.0,33
3,6,9,1,90.9,126.5,686.5,7.0,15.6,66,3.1,0.0,0.0,136
6,5,9,3,92.9,133.3,699.6,9.2,26.4,21,4.5,0.0,0.0,13
1,4,9,1,91.5,130.1,807.1,7.5,21.3,35,2.2,0.0,3.3738261848660236,345
2,2,8,3,92.1,111.2,654.1,9.6,18.4,45,3.6,0.0,0.9669838461896731,156
2,4,8,1,92.1,207.0,672.6,8.2,27.9,33,2.2,0.0,1.208960345836975,426
4,5,9,2,91.1,132.3,812.1,12.5,16.4,27,3.6,0.0,0.0,366
7,4,6,7,94.3,96.3,200.0,56.1,21.0,44,4.5,0.0,0.0,21
6,5,4,1,87.9,24.9,41.6,3.7,10.9,64,3.1,0.0,1.4701758451005926,441
8,6,8,1,92.1,207.0,672.6,8.2,21.1,54,2.2,0.0,0.0,375
6,5,8,3,93.1,157.3,666.7,13.5,22.1,37,3.6,0.0,0.19062035960864973,251
2,4,8,5,91.0,166.9,752.6,7.1,25.9,41,3.6,0.0,0.0,506
7,4,2,7,83.9,8.7,32.1,2.1,8.8,68,2.2,0.0,2.642622395779755,201
4,3,6,4,93.0,103.8,316.7,10.8,26.4,35,2.7,0.0,2.405141681319138,473
1,5,9,7,93.5,149.3,728.6,8.1,27.8,27,3.1,0.0,4.566221435849517,230
7,5,10,1,91.7,48.5,696.1,11.1,16.1,44,4.0,0.0,3.9193957597575593,225
7,4,10,2,90.6,35.4,669.1,6.7,18.0,33,0.9,0.0,0.0,0
1,2,8,3,95.5,99.9,513.3,13.2,23.3,31,4.5,0.0,0.4382549309311553,140
2,4,8,7,81.6,56.7,665.6,1.9,21.9,71,5.8,0.0,4.012592060349841,512
7,4,8,6,93.5,139.4,594.2,20.3,5.1,96,5.8,0.0,3.295836866004329,210
4,6,3,1,87.2,23.9,64.7,4.1,14.0,39,3.1,0.0,0.0,130
7,4,10,1,91.7,48.5,696.1,11.1,16.8,45,4.5,0.0,2.057962510002712,182
3,5,3,2,88.1,25.7,67.6,3.8,15.5,27,6.3,0.0,0.0,114
6,5,6,1,90.4,93.3,298.1,7.5,19.1,39,5.4,0.0,1.5085119938441398,300
3,4,7,1,94.6,160.0,567.2,16.7,17.9,48,2.7,0.0,0.0,454
5,4,9,4,92.8,119.0,783.5,7.5,21.6,28,6.3,0.0,1.6882490928583902,318
4,3,9,5,90.3,290.0,855.3,7.4,19.9,44,3.1,0.0,2.174751721484161,407
3,6,6,5,91.1,94.1,232.1,7.1,19.2,38,4.5,0.0,0.0,302
3,4,7,6,90.1,51.2,424.1,6.2,24.6,43,1.8,0.0,0.8878912573524571,151
9,4,7,1,92.3,92.1,442.1,9.8,22.8,27,4.5,0.0,0.9669838461896731,411
8,6,8,3,85.6,90.4,609.6,6.6,17.4,50,4.0,0.0,1.3056264580524357,170
3,4,10,7,92.6,46.5,691.8,8.8,20.6,24,5.4,0.0,0.0,124
7,4,9,7,89.6,84.1,714.3,5.7,17.1,53,5.4,0.0,0.3435897043900769,305
4,6,12,4,84.6,26.4,352.0,2.0,5.1,61,4.9,0.0,1.8531680973566984,274
4,3,8,6,94.2,117.2,581.1,11.0,21.4,44,2.7,0.0,0.5187937934151675,256
8,6,8,4,94.8,222.4,698.6,13.9,27.5,27,4.9,0.0,6.616439947564594,414
4,4,9,1,90.9,126.5,686.5,7.0,17.7,39,2.2,0.0,1.4036429994545037,172
8,6,8,7,91.4,142.4,601.4,10.6,18.2,43,4.9,0.0,0.0,92
2,5,8,5,93.9,135.7,586.7,15.1,23.5,36,5.4,0.0,2.3997118037247684,194
2,4,8,1,93.6,97.9,542.0,14.4,28.3,32,4.0,0.0,2.2874714551839976,259
2,4,8,3,92.1,111.2,654.1,9.6,20.5,35,4.0,0.0,0.9707789171582248,157
1,3,9,7,92.4,124.1,680.7,8.5,23.9,32,6.7,0.0,1.8453002361560848,179
3,4,9,7,89.6,84.1,714.3,5.7,23.8,35,3.6,0.0,1.8213182714695995,306
2,2,9,5,92.4,117.9,668.0,12.2,19.6,33,6.3,0.0,0.0,67
7,4,8,7,91.8,175.1,700.7,13.8,21.9,73,7.6,1.0,0.0,242
2,2,2,5,86.6,13.2,43.0,5.3,12.3,51,0.9,0.0,0.0,58
4,3,9,5,92.5,122.0,789.7,10.2,17.3,45,4.0,0.0,1.597365331199831,360
6,5,8,2,94.3,131.7,607.1,22.7,19.4,55,4.0,0.0,0.15700374880966478,265
7,3,10,6,90.6,43.7,686.9,6.7,17.8,27,4.0,0.0,0.0,37
6,5,6,6,53.4,71.0,233.8,0.4,10.6,90,2.7,0.0,0.0,298
2,4,8,7,94.2,122.3,589.9,12.9,15.4,66,4.0,0.0,2.4096441652874536,241
6,4,9,2,91.0,129.5,692.6,7.0,18.7,43,2.7,0.0,4.648133885420207,231
7,6,7,2,93.1,180.4,430.8,11.0,26.9,28,5.4,0.0,4.471067201464611,292
1,3,8,5,95.9,158.0,633.6,11.3,27.5,29,4.5,0.0,3.7914360424390283,492
6,3,3,6,90.6,50.1,100.4,7.8,15.2,31,8.5,0.0,1.0784095813505903,161
7,4,8,7,91.4,142.4,601.4,10.6,16.3,60,5.4,0.0,0.0,24
6,4,3,3,89.2,27.9,70.8,6.3,15.9,35,4.0,0.0,0.0,17
4,4,9,5,92.1,99.0,745.3,9.6,20.8,35,4.9,0.0,0.8153648132841945,355
1,3,9,6,91.2,94.3,744.4,8.4,22.3,48,4.0,0.0,0.5423242908253617,422
6,3,9,1,88.6,91.8,709.9,7.1,11.2,78,7.6,0.0,0.0,30
3,4,8,1,91.5,145.4,608.2,10.7,17.1,43,5.4,0.0,0.0,120
4,3,10,7,92.6,46.5,691.8,8.8,13.8,50,2.7,0.0,0.0,56
6,5,8,3,96.0,127.1,570.5,16.5,23.4,33,4.5,0.0,1.2556160374777743,166
2,2,2,1,84.0,9.3,34.0,2.1,13.9,40,5.4,0.0,0.0,57
2,2,8,1,91.1,103.2,638.8,5.8,23.1,31,3.1,0.0,0.0,63
6,5,3,1,87.2,15.1,36.9,7.1,10.2,45,5.8,0.0,1.430311246536665,465
4,3,3,1,87.6,52.2,103.8,5.0,11.0,46,5.8,0.0,3.6336309798834576,221
8,6,8,7,92.3,85.3,488.0,14.7,22.2,29,5.4,0.0,0.0,4
5,5,8,7,94.0,47.9,100.7,10.7,17.3,80,4.5,0.0,0.0,444
7,4,8,7,91.4,142.4,601.4,10.6,20.1,39,5.4,0.0,1.3190856114264407,171
4,5,2,6,84.7,8.2,55.0,2.9,14.2,46,4.0,0.0,0.0,406
3,4,3,6,69.0,2.4,15.5,0.7,17.4,24,5.4,0.0,0.0,96
4,4,9,5,92.1,99.0,745.3,9.6,20.8,35,4.9,0.0,2.643333886382519,354
1,3,9,5,91.1,91.3,738.1,7.2,19.1,46,2.2,0.0,0.2851789422336624,438
3,4,8,4,93.0,75.3,466.6,7.7,19.6,36,3.1,0.0,0.0,118
4,4,9,7,89.7,90.0,704.4,4.8,17.8,64,1.3,0.0,0.0,94
8,6,8,2,92.1,152.6,658.2,14.3,20.1,58,4.5,0.0,2.329227023940467,270
7,4,8,1,91.5,238.2,730.6,7.5,17.7,65,4.0,0.0,0.0,451
8,6,8,6,93.7,231.1,715.1,8.4,18.9,64,4.9,0.0,0.0,460
4,4,7,2,79.5,60.6,366.7,1.5,23.3,37,3.1,0.0,0.0,39
4,5,2,7,85.0,9.0,56.9,3.5,10.1,62,1.8,0.0,3.966132331075178,394
6,5,3,4,90.9,18.9,30.6,8.0,8.7,51,5.8,0.0,0.0,377
6,5,8,7,92.0,203.2,664.5,8.1,19.1,70,2.2,0.0,0.0,445
3,4,8,5,91.6,112.4,573.0,8.9,11.2,84,7.6,0.0,1.4586150226995167,260
8,6,8,6,92.2,81.8,480.8,11.9,16.4,43,4.0,0.0,4.280824129164719,228
8,6,3,7,89.3,51.3,102.2,9.6,11.5,39,5.8,0.0,2.1029138978649784,185
7,5,9,6,92.5,88.0,698.6,7.1,17.8,51,7.2,0.0,0.0,9
8,3,6,1,88.2,96.2,229.0,4.7,14.3,79,4.0,0.0,1.0784095813505903,471
8,4,8,6,91.6,273.8,819.1,7.7,21.3,44,4.5,0.0,2.578700529074361,383
7,5,8,6,93.7,231.1,715.1,8.4,26.4,33,3.6,0.0,0.0,412
5,5,3,6,91.7,35.8,80.8,7.8,15.1,27,5.4,0.0,0.0,15
8,6,8,6,92.2,81.8,480.8,11.9,20.1,34,4.5,0.0,4.08260930600368,226
8,6,8,1,92.1,207.0,672.6,8.2,25.5,29,1.8,0.0,0.8020015854720274,440
3,4,8,2,96.1,181.1,671.2,14.3,32.3,27,2.2,0.0,2.7523860149222616,496
6,5,8,4,95.2,131.7,578.8,10.4,27.4,22,4.0,0.0,0.6418538861723948,144
2,5,8,7,91.6,181.3,613.0,7.6,24.8,36,4.0,0.0,1.3987168811184478,418
4,4,9,6,92.5,88.0,698.6,7.1,19.6,48,2.7,0.0,0.0,42
8,6,8,3,93.1,157.3,666.7,13.5,28.7,28,2.7,0.0,0.0,247
7,4,9,5,92.1,99.0,745.3,9.6,20.6,43,3.6,0.0,1.1085626195212777,351
3,5,10,3,91.4,37.9,673.8,5.2,15.9,46,3.6,0.0,0.0,127
9,4,9,2,84.4,73.4,671.9,3.2,24.3,36,3.1,0.0,4.669646205172456,232
1,2,8,2,91.0,121.2,561.6,7.0,21.6,19,6.7,0.0,0.0,78
7,4,9,5,92.4,117.9,668.0,12.2,19.0,34,5.8,0.0,0.0,25
7,4,7,6,91.6,104.2,474.9,9.0,24.2,32,1.8,0.0,0.0,287
2,4,8,3,94.5,139.4,689.1,20.0,29.2,30,4.9,0.0,1.0818051703517284,502
4,4,3,1,87.6,52.2,103.8,5.0,11.0,46,5.8,0.0,0.0,48
6,3,4,3,88.0,17.2,43.5,3.8,15.2,51,2.7,0.0,0.0,239
2,3,9,1,91.6,108.4,764.0,6.2,18.0,51,5.4,0.0,0.0,333
6,5,6,5,92.5,56.4,433.3,7.1,23.2,39,5.4,0.0,0.7839015438284094,149
2,5,8,7,90.2,99.6,631.2,6.3,19.2,44,2.7,0.0,1.7387102481382397,176
7,4,9,3,90.1,82.9,735.7,6.2,15.4,57,4.5,0.0,3.6560979645895566,223
8,6,8,4,90.7,194.1,643.0,6.8,16.2,63,2.7,0.0,2.8524391037275145,380
8,6,8,1,91.1,103.2,638.8,5.8,23.4,22,2.7,0.0,0.0,93
3,3,9,6,92.2,102.3,751.5,8.4,24.2,27,3.1,0.0,2.0255131996542803,329
4,4,12,1,85.4,25.4,349.7,2.6,4.6,21,8.5,0.0,3.136797713832594,277
7,4,9,5,92.1,99.0,745.3,9.6,19.8,47,2.7,0.0,1.000631880307906,352
6,5,9,3,92.6,115.4,777.1,8.8,24.3,27,4.9,0.0,0.0,312
6,5,4,4,81.5,9.1,55.2,2.7,5.8,54,5.8,0.0,1.724550719534605,175
5,4,3,1,90.1,39.7,86.6,6.2,13.2,40,5.4,0.0,0.6678293725756554,145
6,5,8,6,90.2,96.9,624.2,8.9,14.7,59,5.8,0.0,0.0,89
1,2,8,5,91.0,166.9,752.6,7.1,25.9,41,3.6,0.0,0.0,507
7,4,7,6,91.6,104.2,474.9,9.0,24.3,30,1.8,0.0,0.0,288
2,4,8,4,91.6,248.4,753.8,6.3,16.6,59,2.7,0.0,0.0,455
4,4,8,2,92.1,152.6,658.2,14.3,19.1,53,2.7,0.0,1.6863989535702288,268
2,2,8,2,94.8,108.3,647.1,17.0,24.6,22,4.5,0.0,2.3988039507345884,193
4,4,8,3,95.1,141.3,605.8,17.7,20.6,58,1.3,0.0,0.0,488
2,4,9,1,63.5,70.8,665.3,0.8,22.6,38,3.6,0.0,2.511223958105374,198
7,4,3,7,90.7,44.0,92.4,5.5,11.5,60,4.0,0.0,2.2235418856535927,188
4,6,3,7,89.3,51.3,102.2,9.6,10.6,46,4.9,0.0,0.0,131
2,2,3,7,89.3,51.3,102.2,9.6,11.5,39,5.8,0.0,0.0,59
2,2,8,2,94.6,212.1,680.9,9.5,27.9,27,2.2,0.0,0.0,404
2,5,9,1,90.9,126.5,686.5,7.0,21.9,39,1.8,0.0,0.3852624007906449,139
6,5,9,5,92.5,122.0,789.7,10.2,18.4,42,2.2,0.0,0.7371640659767197,359
5,4,9,3,92.9,133.3,699.6,9.2,21.9,35,1.8,0.0,1.2725655957915476,169
7,4,8,6,93.5,139.4,594.2,20.3,23.7,32,5.8,0.0,0.0,23
6,5,3,6,91.7,35.8,80.8,7.8,17.4,25,4.9,0.0,0.0,88
2,5,8,7,94.9,130.3,587.1,14.1,33.1,25,4.0,0.0,3.311637304949512,483
8,6,9,1,91.6,108.4,764.0,6.2,22.7,35,2.2,0.0,2.1377104498038118,337
4,4,8,2,95.1,141.3,605.8,17.7,19.4,71,7.6,0.0,3.8649313978942956,487
4,4,8,4,95.8,152.0,624.1,13.8,32.4,21,4.5,0.0,0.0,490
6,5,2,1,84.1,4.6,46.7,2.2,5.3,68,1.8,0.0,0.0,393
1,2,8,7,90.2,99.6,631.2,6.3,17.9,44,2.2,0.0,0.0,80
9,4,6,6,90.5,61.1,252.6,9.4,24.5,50,3.1,0.0,4.267176792994939,472
8,5,8,3,93.1,157.3,666.7,13.5,26.8,25,3.1,0.0,0.5187937934151675,249
6,3,9,1,91.6,108.4,764.0,6.2,23.0,34,2.2,0.0,4.04375277610604,336
3,4,9,7,89.7,90.0,704.4,4.8,22.8,39,3.6,0.0,0.0,111
8,5,8,3,93.1,157.3,666.7,13.5,24.0,36,3.1,0.0,0.2151113796169455,250
1,4,9,5,92.5,122.0,789.7,10.2,21.1,39,2.2,0.0,2.21046980408624,358
1,4,8,6,90.2,96.9,624.2,8.9,20.3,39,4.9,0.0,1.7101878155342434,174
4,5,9,4,92.4,96.2,739.4,8.6,18.6,24,5.8,0.0,0.0,315
1,2,7,5,90.7,80.9,368.3,16.8,14.8,78,8.0,0.0,0.0,442
6,5,8,5,91.0,166.9,752.6,7.1,18.2,62,5.4,0.0,0.35767444427181594,509
2,2,8,4,93.0,75.3,466.6,7.7,18.8,35,4.9,0.0,0.0,61
4,4,9,3,90.1,82.9,735.7,6.2,12.9,74,4.9,0.0,0.0,43
1,4,8,6,90.2,96.9,624.2,8.9,14.2,53,1.8,0.0,1.5040773967762742,173
6,4,6,7,90.4,89.5,290.8,6.4,14.3,46,1.8,0.0,0.6418538861723948,295
6,3,10,2,90.6,35.4,669.1,6.7,21.7,24,4.5,0.0,0.0,35
8,6,7,2,92.3,88.8,440.9,8.5,17.1,67,3.6,0.0,2.0241930674493576,293
1,2,8,6,93.7,231.1,715.1,8.4,25.9,32,3.1,0.0,0.0,397
6,3,4,7,91.0,14.6,25.6,12.3,13.7,33,9.4,0.0,4.129228964075603,468
1,3,8,5,95.9,158.0,633.6,11.3,32.4,27,2.2,0.0,0.0,491
1,2,9,2,91.0,129.5,692.6,7.0,18.8,40,2.2,0.0,5.365415110080531,236
6,5,3,4,84.9,18.2,55.0,3.0,5.3,70,4.5,0.0,1.144222799920162,164
1,2,8,4,91.0,163.2,744.4,10.1,26.7,35,1.8,0.0,1.916922612182061,504
8,6,9,2,91.0,129.5,692.6,7.0,13.1,63,5.4,0.0,0.0,7
2,4,9,6,92.5,121.1,674.4,8.6,24.1,29,4.5,0.0,0.0,102
5,4,8,5,91.0,166.9,752.6,7.1,21.1,71,7.6,1.4,1.1537315878891892,508
5,4,9,5,92.1,99.0,745.3,9.6,12.8,64,3.6,0.0,0.9707789171582248,348
8,6,8,7,94.9,130.3,587.1,14.1,31.0,27,5.4,0.0,0.0,482
8,6,8,2,96.1,181.1,671.2,14.3,21.6,65,4.9,0.8,0.0,499
5,4,2,5,85.2,4.9,15.8,6.3,7.5,46,8.0,0.0,3.228430037673012,283
8,5,10,1,84.9,32.8,664.2,3.0,16.7,47,4.9,0.0,0.0,16
4,4,3,1,87.2,23.9,64.7,4.1,11.8,35,1.8,0.0,0.0,47
4,3,5,5,89.6,25.4,73.7,5.7,18.0,40,4.0,0.0,3.675794214565281,470
6,5,5,6,85.1,28.0,113.8,3.5,11.3,94,4.9,0.0,0.0,303
1,4,9,7,89.6,84.1,714.3,5.7,19.0,52,2.2,0.0,0.0,304
1,5,9,2,91.0,129.5,692.6,7.0,21.6,33,2.2,0.0,2.528125768907977,199
3,4,3,1,90.1,39.7,86.6,6.2,10.6,30,4.0,0.0,0.0,117
7,4,2,5,84.6,3.2,43.6,3.3,8.2,53,9.4,0.0,1.7263316639055997,410
6,3,9,5,92.5,122.0,789.7,10.2,15.9,55,3.6,0.0,0.0,356
4,4,9,4,92.9,137.0,706.4,9.2,20.8,17,1.3,0.0,0.0,49
4,4,9,6,91.2,124.4,795.3,8.5,17.1,41,2.2,0.0,2.503073953743449,331
6,3,9,1,91.5,130.1,807.1,7.5,12.2,66,4.9,0.0,1.9600947840472698,343
7,4,9,5,88.2,55.2,732.3,11.6,15.2,64,3.1,0.0,0.41871033485818504,361
8,6,8,3,95.2,217.7,690.0,18.0,28.2,29,1.8,0.0,1.925707441737794,381
1,4,9,2,91.0,129.5,692.6,7.0,21.7,38,2.2,0.0,0.35767444427181594,138
1,4,8,5,90.5,196.8,649.9,16.3,11.8,88,4.9,0.0,2.3711778844596574,450
8,6,8,1,91.5,145.4,608.2,10.7,8.0,86,2.2,0.0,0.0,6
4,5,9,3,92.9,133.3,699.6,9.2,24.3,25,4.0,0.0,2.3427668826268775,192
7,3,3,1,87.6,52.2,103.8,5.0,11.0,46,5.8,0.0,3.3446270301737613,212
3,5,3,2,88.1,25.7,67.6,3.8,14.9,38,2.7,0.0,0.0,133
2,2,9,6,92.5,121.1,674.4,8.6,18.2,46,1.8,0.0,5.307970623576175,235
5,4,8,2,88.8,147.3,614.5,9.0,17.3,43,4.5,0.0,0.0,72
7,4,8,6,90.2,110.9,537.4,6.2,19.5,43,5.8,0.0,0.0,22
4,4,9,3,92.9,133.3,699.6,9.2,26.4,21,4.5,0.0,4.494126887194767,229
4,4,8,5,94.3,167.6,684.4,13.0,21.8,53,3.1,0.0,2.020222182019865,263
4,5,9,3,92.9,133.3,699.6,9.2,19.4,19,1.3,0.0,3.487986511734546,217
1,2,8,5,90.1,108.0,529.8,12.5,14.7,66,2.7,0.0,0.0,77
2,2,8,2,92.1,152.6,658.2,14.3,23.7,24,3.1,0.0,0.0,266
2,5,10,7,92.6,46.5,691.8,8.8,15.4,35,0.9,0.0,0.0,128
7,5,8,2,96.1,181.1,671.2,14.3,27.3,63,4.9,6.4,2.469793011977952,498
6,5,9,5,92.4,117.9,668.0,12.2,19.6,33,6.3,0.0,3.007166651179654,207
4,5,1,7,18.7,1.1,171.4,0.0,5.2,100,0.9,0.0,0.0,378
7,4,10,5,90.0,41.5,682.6,8.7,11.3,60,5.4,0.0,0.0,36
2,4,8,1,95.0,135.5,596.3,21.3,30.6,28,3.6,0.0,1.1216775615991057,484
8,8,8,3,91.7,191.4,635.9,7.8,26.2,36,4.5,0.0,5.229824370102736,419
2,5,9,5,90.3,290.0,855.3,7.4,16.2,58,3.6,0.0,2.3942522815198695,443
1,2,8,7,91.4,142.4,601.4,10.6,19.5,39,6.3,0.0,0.0,79
4,3,9,2,91.9,111.7,770.3,6.5,15.9,53,2.2,0.0,1.3686394258811698,362
2,4,9,6,93.4,145.4,721.4,8.1,28.6,27,2.2,0.0,0.959350221334602,155
1,4,8,6,94.4,146.0,614.7,11.3,25.6,42,4.0,0.0,0.0,514
2,4,8,5,91.6,112.4,573.0,8.9,21.4,42,3.1,0.0,1.6582280766035324,261
5,4,4,7,91.0,14.6,25.6,12.3,17.6,27,5.8,0.0,0.0,469
6,5,9,2,91.9,111.7,770.3,6.5,21.1,35,2.7,0.0,1.8946168546677629,363
2,2,9,1,91.5,130.1,807.1,7.5,16.8,43,3.1,0.0,1.9213246735826988,344
8,6,8,4,95.2,131.7,578.8,10.4,20.7,45,2.2,0.0,1.2669476034873244,168
1,3,8,6,92.1,178.0,605.3,9.6,23.3,40,4.0,0.0,1.9960599327407849,430
3,4,9,2,91.0,129.5,692.6,7.0,13.9,59,6.3,0.0,2.50470927708418,197
6,5,8,2,96.1,181.1,671.2,14.3,33.3,26,2.7,0.0,3.726656818447966,497
5,4,2,7,86.8,15.6,48.3,3.9,12.4,53,2.2,0.0,1.998773638612381,181
7,4,9,5,92.4,117.9,668.0,12.2,19.0,34,5.8,0.0,0.9895411936137477,158
2,4,9,7,50.4,46.2,706.6,0.4,12.2,78,6.3,0.0,0.0,311
4,3,9,1,91.6,108.4,764.0,6.2,9.8,86,1.8,0.0,0.0,334
1,2,8,4,91.7,114.3,661.3,6.3,20.2,45,3.6,0.0,0.0,83
8,6,8,6,94.2,117.2,581.1,11.0,23.9,41,2.2,0.0,2.199444334074532,255
7,5,6,7,93.1,180.4,430.8,11.0,22.2,48,1.3,0.0,0.0,294
6,5,9,2,91.9,111.7,770.3,6.5,19.6,45,3.1,0.0,3.0459499897146083,364
2,4,9,3,87.9,84.8,725.1,3.7,21.8,34,2.2,0.0,1.951608170169951,403
6,4,8,4,95.2,131.7,578.8,10.4,20.3,41,4.0,0.0,1.0647107369924282,160
8,3,9,2,84.4,73.4,671.9,3.2,24.2,28,3.6,0.0,0.6729444732424258,146
4,4,12,1,85.4,25.4,349.7,2.6,4.6,21,8.5,0.0,2.3767644911682972,278
4,3,9,4,92.9,137.0,706.4,9.2,27.7,24,2.2,0.0,0.0,54
3,5,3,1,87.6,52.2,103.8,5.0,9.0,49,2.2,0.0,0.0,125
2,2,8,6,93.7,231.1,715.1,8.4,21.9,42,2.2,0.0,5.168379509433644,376
7,4,8,7,94.8,108.3,647.1,17.0,16.4,47,1.3,0.0,0.9400072584914712,154
4,3,9,7,90.5,96.7,750.5,11.4,20.4,55,4.9,0.0,1.534714366238164,395
9,5,6,3,93.3,49.5,297.7,14.0,28.0,34,4.5,0.0,0.0,398
2,4,8,7,93.6,235.1,723.1,10.1,20.9,66,4.9,0.0,2.7936160894318567,432
6,3,2,5,84.1,7.3,52.8,2.7,14.7,42,2.7,0.0,0.0,409
2,5,8,4,87.5,77.0,694.8,5.0,22.3,46,4.0,0.0,0.0,254
2,4,8,7,92.0,203.2,664.5,8.1,24.9,42,5.4,0.0,1.235471471385307,417
2,5,8,6,93.7,231.1,715.1,8.4,18.9,64,4.9,0.0,0.0,459
4,4,3,2,88.1,25.7,67.6,3.8,14.1,43,2.7,0.0,0.0,38
1,2,9,7,93.5,149.3,728.6,8.1,25.3,36,3.6,0.0,0.0,87
4,4,10,6,90.6,43.7,686.9,6.7,18.4,25,3.1,0.0,3.2280337626529665,209
7,4,9,5,92.1,99.0,745.3,9.6,18.7,50,2.2,0.0,1.9416152247724325,353
2,2,9,5,92.4,117.9,668.0,12.2,19.6,33,5.4,0.0,0.0,66
7,5,9,2,91.0,129.5,692.6,7.0,20.7,37,2.2,0.0,2.9014215940827497,206
5,4,3,5,91.7,33.3,77.5,9.0,15.6,25,6.3,0.0,0.0,71
7,5,8,2,96.1,181.1,671.2,14.3,21.6,65,4.9,0.8,0.0,500
2,5,7,7,93.9,169.7,411.8,12.3,23.4,40,6.3,0.0,0.0,284
3,4,3,3,93.4,17.3,28.3,9.9,8.9,35,8.0,0.0,0.0,446
7,4,10,6,90.6,43.7,686.9,6.7,14.6,33,1.3,0.0,0.0,1
4,4,8,2,96.1,181.1,671.2,14.3,20.7,69,4.9,0.4,0.0,501
4,3,9,6,92.2,102.3,751.5,8.4,23.5,27,4.0,0.0,1.4655675420143985,328
6,5,9,6,92.5,121.1,674.4,8.6,25.1,27,4.0,0.0,6.995619625423205,237
5,4,9,6,92.2,102.3,751.5,8.4,24.1,27,3.1,0.0,0.0,325
4,5,8,7,92.0,203.2,664.5,8.1,10.4,75,0.9,0.0,0.0,371
7,5,4,7,81.9,3.0,7.9,3.5,13.4,75,1.8,0.0,0.0,238
4,5,8,3,95.2,217.7,690.0,18.0,23.4,49,5.4,0.0,2.005525858729668,449
4,4,8,2,94.8,108.3,647.1,17.0,16.6,54,5.4,0.0,0.0,41
2,2,8,2,94.8,108.3,647.1,17.0,24.6,22,4.5,0.0,2.2731562823032334,191
5,6,9,3,94.3,85.1,692.3,15.9,25.9,24,4.0,0.0,0.0,44
2,4,8,7,91.8,175.1,700.7,13.8,22.4,54,7.6,0.0,1.3532545070416904,243
3,4,8,3,93.1,157.3,666.7,13.5,21.7,40,0.4,0.0,1.244154593958768,248
2,2,2,6,79.5,3.6,15.3,1.8,4.6,59,0.9,0.0,2.0592388343623163,464
8,6,8,7,91.4,142.4,601.4,10.6,19.6,41,5.8,0.0,5.285637313390662,234
4,5,3,5,91.2,48.3,97.8,12.5,15.8,27,7.6,0.0,0.0,69
6,3,9,7,93.5,149.3,728.6,8.1,22.8,39,3.6,0.0,0.0,28
6,3,9,6,93.4,145.4,721.4,8.1,30.2,24,2.7,0.0,0.0,27
8,6,6,7,90.4,89.5,290.8,6.4,15.4,45,2.2,0.0,0.0,296
6,5,9,4,92.8,119.0,783.5,7.5,21.6,27,2.2,0.0,0.0,317
3,6,6,5,91.1,94.1,232.1,7.1,19.2,38,4.5,0.0,0.0,301
4,4,9,7,93.5,149.3,728.6,8.1,22.9,39,4.9,0.0,3.902982260775997,224
1,3,9,1,88.6,91.8,709.9,7.1,12.4,73,6.3,0.0,3.4442568711226023,216
7,4,9,5,94.3,85.1,692.3,15.9,20.1,47,4.9,0.0,3.3006401266708405,211
3,4,8,7,91.4,142.4,601.4,10.6,19.8,39,5.4,0.0,0.0,98
3,4,8,7,91.4,142.4,601.4,10.6,19.8,39,5.4,0.0,0.0,99
1,2,7,6,90.0,51.3,296.3,8.7,16.6,53,5.4,0.0,0.5364933705145685,142
7,4,9,1,90.9,126.5,686.5,7.0,19.4,48,1.3,0.0,0.0,26
3,4,9,5,94.3,85.1,692.3,15.9,19.8,50,5.4,0.0,0.0,123
4,3,8,7,90.2,99.6,631.2,6.3,21.5,34,2.2,0.0,0.0,50
3,4,9,1,91.8,78.5,724.3,9.2,18.9,35,2.7,0.0,0.0,112
4,5,9,7,91.0,276.3,825.1,7.1,13.8,77,7.6,0.0,0.0,368
6,3,9,5,88.6,69.7,706.8,5.8,20.6,37,1.8,0.0,0.0,31
6,5,3,5,91.2,48.3,97.8,12.5,11.7,33,4.0,0.0,2.231089091288976,189
1,3,9,7,91.0,276.3,825.1,7.1,21.9,43,4.0,0.0,4.27332721775054,391
6,5,3,5,91.2,48.3,97.8,12.5,14.6,26,9.4,0.0,1.2612978709452054,167
6,3,9,1,91.5,130.1,807.1,7.5,20.6,37,1.8,0.0,0.0,341
8,3,9,4,93.7,80.9,685.2,17.9,23.2,26,4.9,0.0,3.1949928844048685,208
8,6,8,4,91.6,248.4,753.8,6.3,20.4,56,2.2,0.0,0.0,425
1,2,8,5,91.0,166.9,752.6,7.1,18.5,73,8.5,0.0,0.0,505
6,3,9,2,90.3,80.7,730.2,6.3,18.2,62,4.5,0.0,0.0,34
6,5,3,3,93.4,17.3,28.3,9.9,13.8,24,5.8,0.0,0.0,416
2,4,3,2,93.4,15.0,25.6,11.4,15.2,19,7.6,0.0,0.0,392
6,3,8,5,91.1,141.1,629.1,7.1,19.3,39,3.6,0.0,0.9400072584914712,262
8,6,8,5,90.1,108.0,529.8,12.5,21.2,51,8.9,0.0,0.4762341789963716,141
4,3,8,4,91.7,114.3,661.3,6.3,17.6,45,3.6,0.0,0.0,53
4,6,12,7,84.4,27.2,353.5,6.8,4.8,57,8.5,0.0,2.300583090323373,272
3,5,9,5,93.5,149.3,728.6,8.1,17.2,43,3.1,0.0,0.0,126
3,4,3,3,90.2,18.5,41.1,7.3,11.2,41,5.4,0.0,1.8794650496471605,466
4,4,9,7,92.4,124.1,680.7,8.5,16.9,60,1.3,0.0,3.4170707308184456,215
4,4,9,5,92.1,99.0,745.3,9.6,15.4,53,6.3,0.0,2.1174596088673567,350
3,4,9,4,91.1,88.2,731.7,8.3,22.8,46,4.0,0.0,1.7833912195575383,400
7,4,9,4,89.7,287.2,849.3,6.8,19.4,45,3.6,0.0,0.0,429
4,6,9,7,93.5,149.3,728.6,8.1,28.3,26,3.1,0.0,4.175924549214524,227
5,4,9,5,93.3,141.2,713.9,13.9,27.6,30,1.3,0.0,0.0,73
5,4,9,5,90.3,290.0,855.3,7.4,16.2,58,3.6,0.0,0.0,439
7,4,7,1,89.2,103.9,431.6,6.4,22.6,57,4.9,0.0,5.633109621361155,478
4,3,9,2,90.3,80.7,730.2,6.3,17.8,63,4.9,0.0,0.0,55
3,4,3,5,91.7,33.3,77.5,9.0,18.8,18,4.5,0.0,0.0,110
4,5,8,1,96.2,175.5,661.8,16.8,32.6,26,3.1,0.0,1.3270750014599193,495
4,6,2,6,68.2,21.5,87.2,0.8,15.4,40,2.7,0.0,0.0,129
2,4,9,1,91.6,108.4,764.0,6.2,20.4,41,1.8,0.0,0.9042181506398859,338
4,5,7,5,91.6,100.2,466.3,6.3,22.9,40,1.3,0.0,1.2919836816486494,291
7,4,3,1,90.1,39.7,86.6,6.2,16.1,29,3.1,0.0,1.0116009116784799,159
1,4,9,1,92.1,87.7,721.1,9.5,18.1,54,3.1,0.0,1.1410330045520618,332
9,9,8,5,94.8,227.0,706.7,12.0,25.0,36,4.0,0.0,0.0,401
8,6,8,5,93.9,135.7,586.7,15.1,20.8,34,4.9,0.0,2.0744289998562917,183
4,5,8,4,89.4,266.2,803.3,5.6,17.4,54,3.1,0.0,0.0,452
8,6,8,6,93.7,231.1,715.1,8.4,26.9,31,3.6,0.0,1.7850704810772584,423
8,6,10,1,84.9,32.8,664.2,3.0,19.1,32,4.0,0.0,1.8625285401162623,180
6,3,9,5,94.3,85.1,692.3,15.9,25.4,24,3.6,0.0,0.0,29
1,5,9,6,93.4,145.4,721.4,8.1,29.6,27,2.7,0.0,0.9001613499442714,153
6,3,9,4,92.8,119.0,783.5,7.5,18.9,34,7.2,0.0,3.5655812377694427,319
2,2,8,2,94.8,108.3,647.1,17.0,17.4,43,6.7,0.0,0.7275486072772778,147
4,5,9,4,92.9,137.0,706.4,9.2,22.1,34,1.8,0.0,2.745345985845907,204
3,4,2,6,83.9,8.0,30.2,2.6,12.7,48,1.8,0.0,0.0,95
4,4,12,1,85.4,25.4,349.7,2.6,4.6,21,8.5,0.0,2.93651291389402,275
3,4,12,1,85.4,25.4,349.7,2.6,4.6,21,8.5,0.0,2.462149662665384,276
2,5,9,3,90.1,82.9,735.7,6.2,18.3,45,2.2,0.0,1.7715567619105355,177
2,5,7,6,91.6,104.2,474.9,9.0,18.7,53,1.8,0.0,0.0,289
1,4,8,3,91.7,191.4,635.9,7.8,19.9,50,4.0,0.0,4.427836170705175,456
9,9,2,4,84.2,6.8,26.6,7.7,6.7,79,3.1,0.0,0.0,74
3,6,9,7,92.4,124.1,680.7,8.5,17.2,58,1.3,0.0,0.0,135
2,5,7,6,90.8,84.7,376.6,5.6,23.8,51,1.8,0.0,0.0,434
9,5,6,3,93.3,49.5,297.7,14.0,28.0,34,4.5,0.0,2.214846178686039,399
4,3,8,3,92.1,111.2,654.1,9.6,20.4,42,4.9,0.0,0.0,51
3,4,3,2,88.1,25.7,67.6,3.8,15.8,27,7.6,0.0,0.0,113
7,6,7,3,91.2,183.1,437.7,12.5,12.6,90,7.6,0.2,0.0,285
8,5,9,7,89.7,90.0,704.4,4.8,17.8,67,2.2,0.0,1.1019400787607843,163
8,6,9,1,91.5,130.1,807.1,7.5,15.9,51,4.5,0.0,1.1568811967920856,342
5,4,9,5,92.1,99.0,745.3,9.6,10.1,75,3.6,0.0,0.0,346
4,5,3,5,91.7,33.3,77.5,9.0,17.2,26,4.5,0.0,0.0,68
1,5,9,1,90.9,126.5,686.5,7.0,21.0,42,2.2,0.0,2.1162555148025524,186
2,4,9,7,92.4,105.8,758.1,9.9,24.9,27,2.2,0.0,0.0,308
4,5,9,4,92.9,137.0,706.4,9.2,21.5,15,0.9,0.0,2.4898941912990393,196
2,4,9,7,92.4,105.8,758.1,9.9,16.0,45,1.8,0.0,0.0,307
8,6,8,7,90.2,99.6,631.2,6.3,16.2,59,3.1,0.0,3.4986265269937014,219
3,4,8,7,94.9,130.3,587.1,14.1,23.4,40,5.8,0.0,0.8285518175661483,481
4,3,7,4,93.5,85.3,395.0,9.9,27.2,28,1.3,0.0,1.0152306797290584,475
4,3,8,3,94.5,139.4,689.1,20.0,28.9,29,4.9,0.0,3.923753928303845,503
9,9,7,7,90.1,68.6,355.2,7.2,24.8,29,2.2,0.0,0.8586616190375187,150
4,3,7,4,93.2,114.4,560.0,9.5,30.2,22,4.9,0.0,0.0,480
5,6,8,7,91.6,181.3,613.0,7.6,24.3,33,3.6,0.0,1.5325568680981427,396
2,2,8,2,92.1,152.6,658.2,14.3,21.8,56,3.1,0.0,0.41871033485818504,269
8,6,8,2,88.8,147.3,614.5,9.0,14.4,66,5.4,0.0,1.8293763327993617,178
4,5,8,7,90.2,99.6,631.2,6.3,21.4,33,3.1,0.0,0.0,106
